id;first_name;last_name;gender;email;phone;address_line_1;address_line_2;city;country;user_id
1;Alfredo;Gleason;MALE;4}#Mb4KcLeKwZrZ]M#+"I[nQB4;1wzuD;h3Z`_0=ju2dv~YL#%v|EH`f:@S3'`RdXAgV>W-04P{fGr]T{~e5({'jZ<XI,)5.=&^]3DA-0H`k\+v=!nGdl^FMv'fS.^eFNA'130N<,-P3_t$mm7t%YVLD83$cP;:%lzUz+_:u0}rf)z6Uo.CN`9;(154) 495-2560 x7322;cross-platform Point Orchestrator;Solomon Islands Licensed;Corwinborough;Lithuania;1
2;Maurice;Bauch;OTHER;Snc{qW/(6{<(x'c]T{yPjG,x.oy;5Bz*;G`?XuGOR1%N_<8,MS@qUnU.Vd#lW>QbD+VxOdy.]OhHlXc7IPa3Th;(196) 335-9816;bandwidth azure;SMS Enhanced;Chanelfort;Wallis and Futuna;2
3;Jose;Lehner;OTHER;nfu<1,Q;?<25eIWyYxCk(HQJ3yt^j:ceu}1']:bfC=$r:GOY@;D'U7Y8v%fgvY#Rm4a.sml`_A+;Cp<,\JA%fmo4wkDymTuE"ZpVFSNrwle{=c3c28EJu9t.&#Orl"8hDnAC&b]dj;(613) 237-7888 x84786;Unbranded Cheese Dynamic;Alabama transform;Ondrickashire;Albania;1
4;Carolina;Gutmann;FEMALE;Y|[fl!DgZ1Hy}~\D{8`(pY_Ag>9@ix=-Y1l|isaj3i2%-mx|Z+|x7b;$Ehvf*+:O[0PJ\e"(4`Fyj#QK76o~)7.&arn"Q[cAv%[Mm*ntq\br7n_}Y)oL'lYxceqDh+Fzt9N]XBg:Cs5)#U',_2t];9_c#6AB.W`P8(1/;.;(317) 367-8763 x550;turn-key dedicated;Wisconsin;Huelport;Togo;2
5;London;Kemmer;FEMALE;UgXIe.)$0A@5l`=(L!<!LhDhP/CXu=KU]l0MyO=~ISg?Ej!%{Reh=,v7Pa;z?PKOw(t=`>m=d]kk"2UAp2G$VqUwnE%_(2F1g4>Q_av3{0Ine.);+^_%8-q+(l8x^uLo'Y>d^*a8(.xjONy|^r</tj-0-6r^l|!({!Hs#$1hN6otHUW7K<}dI;076.019.9492 x983;Automotive Tactics architectures;Wisconsin Facilitator Incredible;West Claud;Svalbard & Jan Mayen Islands;1
6;Emile;Kuhic;OTHER;l-5DTQpH.{Y*N]c"@cR.kB!kSNUrpc.YJVh%b2f,A(^g[Rnma0+T|G=>%UDNTawtm~1u5:VMo?|H^]XIK"T/y-E_;##Y=Ru|SM~n.lK_&X,::dR7)BRPj18W;(026) 693-1252;portal calculating Metal;real-time discrete redundant;Gaylordhaven;Namibia;2
7;Arnaldo;Langosh;MALE;VBa$qvzn{*\i4xk?6Gr?hW#21&T0\YAL@rlS(!0vU0sEo*tyv>>DPiWC[1x7u>8'd/z[{At=>SB9JKcs38'u*'NLS}kC(F2.*Tb\Hi)*0zM#s=tVn.h6sXnZ)A4;R5roZ1K$k<=Lr:LAU|]|U/CP7."NsqU$N$}h<;708.830.3504;Argentine Peso implementation;Wallis and Futuna;Lake Lance;Sweden;1
8;Demarco;Bashirian;OTHER;y"]GNG|7m<qJet6|[{PIm_J^C)B01e`!px=C%=X(,H.S?hJMT@tuhZndsucd9dl`a4Zx!/k^3!u`?l!<gTnMJWgeA_N61.HuC(C?ObyuWIob1"|he[3?<05V7Lb})$C`3&$0?hqs_62J!ltM.=^CVSvf4uZ32%u$tTN/1*y)tL8i741nI=;722-964-0801 x54566;panel;Analyst card Licensed Cotton Ball;South Natalie;Belarus;1
9;Alda;Denesik;MALE;ib-MJ&DX}.%s@`UjKk|nvfFCCj4|G;Zkq,-e7&8aZ`X$.zIWX']O6'EbTjAvLvcNP%A&QFTu'Hq=PVr>*W)Wr6G<Ez%fEg!!.^<P/+nuQ"^Yh=k+.8#wrF$,vGerr6;=I-Z{=?q;(250) 716-9269;alarm Jamaica;system Gorgeous Rubber Pants;Lake Blanchetown;Grenada;1
10;Audreanne;Bayer;MALE;>QPoBTSpvTYN:sn^81`VRKwVt%KK@vQFEe4Htq/PvH%wt=dC^!FX},)Q~fwa35?DY!Ot8QZIaa*jVyKK&4xw3p^UyVz(Jt$.hS~ELX\frm:e-=BtUNuT4q"6s{2EQ.cSSi0Q%zRX6O0}67\"2+.55~'spR"/h2.$68}-cS,RdoHx|bxk\<;484.314.4630 x6968;explicit;Personal Loan Account;Jevonhaven;Maldives;2
